regime,train_freq,test_freq,abs_diff
High Volatility / Crisis,0.1474192350538433,0.14996288047512993,0.0025436454212866277
Ranging / Sideways,0.4519123653917564,0.44766146993318484,0.004250895458571546
Trending Bear,0.06312662458225028,0.0801781737193764,0.017051549137126115
Trending Bull,0.33754177497215004,0.32219747587230885,0.015344299099841197
