train_ll,test_ll,ll_ratio
-6.12811399103482,-5.992071097746834,0.9778002019076323
