train_ll,test_ll,ll_ratio
-5.551402207657797,-5.848888492909691,1.0535875935707795
