Regime,Mean Return (daily),Median Return (daily),Volatility (daily),Ann. Volatility,Ann. Sharpe,Max Drawdown,Avg Duration (days),Frequency (%),N Observations
High Volatility / Crisis,0.0022754162315119487,0.0018059422077293741,0.019346777346656185,0.307120569178742,1.8670351252419486,-0.11626475309110301,17.26086956521739,14.74739970282318,397
Ranging / Sideways,0.0005787342526504111,0.00033414625029916373,0.012369030137238269,0.1963522662131735,0.742751965539163,-0.29131320132662536,25.893617021276597,45.208023774145616,1217
Trending Bear,-0.003969896392034432,0.00216818375891735,0.0486996220558044,0.7730825334149674,-1.2940583282531426,-0.7003694728674732,1.7422680412371134,6.277860326894502,169
Trending Bull,0.0008098990588237499,0.0007295037646569996,0.011992073136744342,0.19036825934354282,1.0721039501405083,-0.15330916274995227,10.329545454545455,33.766716196136706,909
