Regime,Mean Return (daily),Median Return (daily),Volatility (daily),Ann. Volatility,Ann. Sharpe,Max Drawdown,Avg Duration (days),Frequency (%),N Observations
High Volatility / Crisis,-0.0008826380995402794,-0.0018482244940479183,0.014752977263332401,0.2341962536194068,-0.9497368025605302,-0.1931104859223874,14.428571428571429,15.0074294205052,202
Ranging / Sideways,0.00026803125614479457,0.0003687440312932378,0.012102690002685533,0.1921242476520814,0.35156351878500897,-0.2860362408188502,25.125,44.79940564635959,603
Trending Bear,-0.0023116330830208406,-0.0016330838013195199,0.035447567247096586,0.5627126851083362,-1.035220197335875,-0.40856713836868586,1.8135593220338984,7.949479940564635,107
Trending Bull,0.0006717360707378391,0.0006811242098040258,0.012211606532738608,0.19385324396518855,0.8732249528738023,-0.16079199180680656,7.75,32.24368499257058,434
