Regime,Mean Return (daily),Median Return (daily),Volatility (daily),Ann. Volatility,Ann. Sharpe,Max Drawdown,Avg Duration (days),Frequency (%),N Observations
High Volatility / Crisis,0.0035394613416524375,0.00165054131484002,0.023828585585689267,0.3782670693249131,2.3579749082790955,-0.11562172776840988,20.785714285714285,7.206537890044576,291
Ranging / Sideways,0.0002703805200355105,8.273552358647034e-05,0.010524267024729366,0.16706755967202935,0.40783435864333173,-0.26317795170947345,8.0,37.048043585933634,1496
Trending Bear,-0.0026530457016111716,-0.002126055893055332,0.023763711664321736,0.37723722774984086,-1.7722734333350727,-0.9044020451439164,3.8222222222222224,17.038137691926696,688
Trending Bull,0.0016088514326777523,0.0008885401428740287,0.012508049105910291,0.1985591239249346,2.041863164082386,-0.11573654921675959,22.652173913043477,38.7072808320951,1563
