Regime,Mean Return (daily),Median Return (daily),Volatility (daily),Ann. Volatility,Ann. Sharpe,Max Drawdown,Avg Duration (days),Frequency (%),N Observations
High Volatility / Crisis,0.0004597925689390435,-0.0035941178945685264,0.016056203483201963,0.25488432849840864,0.45458945261659106,-0.06035022454285211,17.0,1.2639405204460967,17
Ranging / Sideways,0.00021801995115986472,-0.000316456435821924,0.010177180743465653,0.16155773576979335,0.3400705477240187,-0.1726027205859224,9.180327868852459,41.63568773234201,560
Trending Bear,-0.005406961379087544,-0.005138263457975359,0.023923691091720125,0.3797768224285367,-3.5877762597965166,-0.6816405103417643,3.183333333333333,14.200743494423792,191
Trending Bull,0.0012676197051594755,0.0006500811945574579,0.011591304925977338,0.18400626122912395,1.7360287827511591,-0.11573654921675913,27.476190476190474,42.899628252788105,577
