,High Volatility / Crisis,Ranging / Sideways,Trending Bear,Trending Bull
High Volatility / Crisis,0.9411764705882353,0.058823529411764705,0.0,0.0
Ranging / Sideways,0.0,0.8910714285714286,0.07321428571428572,0.03571428571428571
Trending Bear,0.005235602094240838,0.29842931937172773,0.6910994764397905,0.005235602094240838
Trending Bull,0.0,0.005199306759098787,0.03119584055459272,0.9636048526863085
