,High Volatility / Crisis,Ranging / Sideways,Trending Bear,Trending Bull
High Volatility / Crisis,0.9353233830845771,0.014925373134328358,0.009950248756218905,0.03980099502487562
Ranging / Sideways,0.0,0.9601990049751243,0.03648424543946932,0.003316749585406302
Trending Bear,0.12962962962962962,0.0,0.4444444444444444,0.42592592592592593
Trending Bull,0.0,0.04838709677419355,0.08064516129032258,0.8709677419354839
