,High Volatility / Crisis,Ranging / Sideways,Trending Bear,Trending Bull
High Volatility / Crisis,0.9420654911838791,0.015113350125944584,0.017632241813602016,0.02518891687657431
Ranging / Sideways,0.0,0.962171052631579,0.03453947368421053,0.003289473684210526
Trending Bear,0.13529411764705881,0.0,0.4294117647058823,0.43529411764705883
Trending Bull,0.0,0.045104510451045104,0.0517051705170517,0.9031903190319032
